{"v":"5.11.0","fr":30,"ip":0,"op":40,"w":200,"h":200,"nm":"Notifcation","ddd":0,"assets":[],"layers":[{"ddd":0,"ind":1,"ty":4,"nm":"Bell Bottom","parent":3,"sr":1,"ks":{"o":{"a":0,"k":100,"ix":11},"r":{"a":0,"k":0,"ix":10},"p":{"a":1,"k":[{"i":{"x":0.667,"y":1},"o":{"x":0.333,"y":0},"t":5,"s":[38.412,78.981,0],"to":[0.145,-0.154,0],"ti":[0,0,0]},{"i":{"x":0.667,"y":1},"o":{"x":0.333,"y":0},"t":10,"s":[15.412,78.981,0],"to":[0,0,0],"ti":[0,0,0]},{"i":{"x":0.667,"y":1},"o":{"x":0.333,"y":0},"t":15,"s":[61.412,78.981,0],"to":[0,0,0],"ti":[3.833,0,0]},{"i":{"x":0.667,"y":1},"o":{"x":0.333,"y":0},"t":24,"s":[38.412,78.981,0],"to":[0.145,-0.154,0],"ti":[0,0,0]},{"i":{"x":0.667,"y":1},"o":{"x":0.333,"y":0},"t":25,"s":[15.412,78.981,0],"to":[0,0,0],"ti":[3.833,0,0]},{"i":{"x":0.667,"y":1},"o":{"x":0.333,"y":0},"t":28,"s":[38.412,78.981,0],"to":[0.145,-0.154,0],"ti":[0,0,0]},{"i":{"x":0.667,"y":1},"o":{"x":0.333,"y":0},"t":30,"s":[49.412,78.981,0],"to":[0,0,0],"ti":[3.833,0,0]},{"t":35,"s":[38.412,78.981,0]}],"ix":2,"l":2},"a":{"a":0,"k":[-3.25,33.209,0],"ix":1,"l":2},"s":{"a":0,"k":[121.951,154.232,100],"ix":6,"l":2}},"ao":0,"shapes":[{"ty":"gr","it":[{"ind":0,"ty":"sh","ix":1,"ks":{"a":0,"k":{"i":[[0,0],[0,0],[-11.125,0]],"o":[[0,0],[0,0],[10.5,0]],"v":[[8.5,33.25],[-15.5,33.25],[-3.375,42.5]],"c":true},"ix":2},"nm":"Path 1","mn":"ADBE Vector Shape - Group","hd":false},{"ty":"fl","c":{"a":0,"k":[0.290195988674,0.29411797617,0.298038976333,1],"ix":4},"o":{"a":0,"k":95,"ix":5},"r":1,"bm":0,"nm":"Fill 1","mn":"ADBE Vector Graphic - Fill","hd":false},{"ty":"tr","p":{"a":0,"k":[0,0],"ix":2},"a":{"a":0,"k":[0,0],"ix":1},"s":{"a":0,"k":[100,100],"ix":3},"r":{"a":0,"k":0,"ix":6},"o":{"a":0,"k":100,"ix":7},"sk":{"a":0,"k":0,"ix":4},"sa":{"a":0,"k":0,"ix":5},"nm":"Transform"}],"nm":"Shape 1","np":3,"cix":2,"bm":0,"ix":1,"mn":"ADBE Vector Group","hd":false}],"ip":0,"op":40,"st":0,"ct":1,"bm":0},{"ddd":0,"ind":2,"ty":4,"nm":"Red Dot","parent":3,"sr":1,"ks":{"o":{"a":0,"k":100,"ix":11},"r":{"a":0,"k":0,"ix":10},"p":{"a":0,"k":[64.722,30.302,0],"ix":2,"l":2},"a":{"a":0,"k":[-460.891,-25.891,0],"ix":1,"l":2},"s":{"a":0,"k":[121.951,121.951,100],"ix":6,"l":2}},"ao":0,"shapes":[{"ty":"gr","it":[{"d":1,"ty":"el","s":{"a":0,"k":[30,30],"ix":2},"p":{"a":0,"k":[0,0],"ix":3},"nm":"Ellipse Path 1","mn":"ADBE Vector Shape - Ellipse","hd":false},{"ty":"st","c":{"a":0,"k":[0.933333333333,0.933333333333,0.933333333333,1],"ix":3},"o":{"a":0,"k":100,"ix":4},"w":{"a":0,"k":3,"ix":5},"lc":1,"lj":1,"ml":4,"bm":0,"nm":"Stroke 1","mn":"ADBE Vector Graphic - Stroke","hd":false},{"ty":"fl","c":{"a":0,"k":[1,0.351891581217,0.300107230392,1],"ix":4},"o":{"a":0,"k":100,"ix":5},"r":1,"bm":0,"nm":"Fill 1","mn":"ADBE Vector Graphic - Fill","hd":false},{"ty":"tr","p":{"a":0,"k":[-460.891,-25.891],"ix":2},"a":{"a":0,"k":[0,0],"ix":1},"s":{"a":1,"k":[{"i":{"x":[0.833,0.833],"y":[0.833,0.833]},"o":{"x":[0.167,0.167],"y":[0.167,0.167]},"t":10,"s":[100,100]},{"i":{"x":[0.833,0.833],"y":[0.833,0.833]},"o":{"x":[0.167,0.167],"y":[0.167,0.167]},"t":20,"s":[160,160]},{"t":25,"s":[100,100]}],"ix":3},"r":{"a":0,"k":0,"ix":6},"o":{"a":0,"k":100,"ix":7},"sk":{"a":0,"k":0,"ix":4},"sa":{"a":0,"k":0,"ix":5},"nm":"Transform"}],"nm":"Ellipse 1","np":3,"cix":2,"bm":0,"ix":1,"mn":"ADBE Vector Group","hd":false}],"ip":0,"op":40,"st":0,"ct":1,"bm":0},{"ddd":0,"ind":3,"ty":4,"nm":"Bell","sr":1,"ks":{"o":{"a":0,"k":100,"ix":11},"r":{"a":1,"k":[{"i":{"x":[0.177],"y":[1.058]},"o":{"x":[0.753],"y":[0]},"t":5,"s":[0]},{"i":{"x":[0],"y":[1.25]},"o":{"x":[0.648],"y":[-0.027]},"t":10,"s":[-8]},{"i":{"x":[0],"y":[1]},"o":{"x":[0.823],"y":[0.028]},"t":20,"s":[45]},{"i":{"x":[0.247],"y":[0.886]},"o":{"x":[0.753],"y":[-0.228]},"t":25,"s":[-8]},{"i":{"x":[0.317],"y":[1.414]},"o":{"x":[0.823],"y":[0]},"t":30,"s":[8]},{"t":35,"s":[0]}],"ix":10},"p":{"a":0,"k":[95.795,69.953,0],"ix":2,"l":2},"a":{"a":0,"k":[38.771,0.25,0],"ix":1,"l":2},"s":{"a":0,"k":[82,82,100],"ix":6,"l":2}},"ao":0,"shapes":[{"ty":"gr","it":[{"ind":0,"ty":"sh","ix":1,"ks":{"a":0,"k":{"i":[[0,0],[-3.089,4.372],[-5.038,1.761],[-0.335,1.198],[-0.803,0.947],[-1.124,0.521],[-1.237,0],[-1.124,-0.522],[-0.803,-0.947],[-0.334,-1.199],[0.195,-1.229],[-3.082,-4.371],[0.006,-5.359],[0,0],[0,0],[0,0],[0,0],[0,0],[0,0]],"o":[[-0.002,-5.365],[3.09,-4.373],[-0.196,-1.229],[0.334,-1.199],[0.803,-0.947],[1.124,-0.522],[1.238,0],[1.124,0.521],[0.803,0.947],[0.335,1.198],[5.029,1.769],[3.081,4.373],[0,0],[0,0],[0,0],[0,0],[0,0],[0,0],[0,0]],"v":[[-25.667,-2.184],[-20.921,-17.153],[-8.427,-26.583],[-8.215,-30.268],[-6.488,-33.525],[-3.563,-35.754],[0.021,-36.546],[3.605,-35.754],[6.53,-33.525],[8.257,-30.268],[8.47,-26.583],[20.938,-17.144],[25.666,-2.184],[25.666,23.635],[38.5,32.241],[38.5,36.545],[-38.5,36.545],[-38.5,32.241],[-25.667,23.635]],"c":true},"ix":2},"nm":"Path 1","mn":"ADBE Vector Shape - Group","hd":false},{"ty":"fl","c":{"a":0,"k":[0.290196078431,0.294117647059,0.298039215686,1],"ix":4},"o":{"a":0,"k":100,"ix":5},"r":1,"bm":0,"nm":"Fill 1","mn":"ADBE Vector Graphic - Fill","hd":false},{"ty":"tr","p":{"a":0,"k":[38.75,36.796],"ix":2},"a":{"a":0,"k":[0,0],"ix":1},"s":{"a":0,"k":[100,100],"ix":3},"r":{"a":0,"k":0,"ix":6},"o":{"a":0,"k":100,"ix":7},"sk":{"a":0,"k":0,"ix":4},"sa":{"a":0,"k":0,"ix":5},"nm":"Transform"}],"nm":"Group 1","np":4,"cix":2,"bm":0,"ix":1,"mn":"ADBE Vector Group","hd":false}],"ip":0,"op":40,"st":0,"ct":1,"bm":0}],"markers":[],"props":{}}